{
    "Angry": {
        "precision": 0.3983516483516483,
        "recall": 0.302713987473904,
        "f1-score": 0.34400948991696323,
        "support": 958.0
    },
    "Disgust": {
        "precision": 0.5,
        "recall": 0.009009009009009009,
        "f1-score": 0.017699115044247787,
        "support": 111.0
    },
    "Fear": {
        "precision": 0.371007371007371,
        "recall": 0.1474609375,
        "f1-score": 0.21104122990915444,
        "support": 1024.0
    },
    "Happy": {
        "precision": 0.6060606060606061,
        "recall": 0.7779030439684329,
        "f1-score": 0.6813132559861762,
        "support": 1774.0
    },
    "Sad": {
        "precision": 0.3734835355285962,
        "recall": 0.34562951082598237,
        "f1-score": 0.3590170762182424,
        "support": 1247.0
    },
    "Surprise": {
        "precision": 0.6469864698646987,
        "recall": 0.6329723225030084,
        "f1-score": 0.6399026763990268,
        "support": 831.0
    },
    "Neutral": {
        "precision": 0.3784084585420145,
        "recall": 0.551500405515004,
        "f1-score": 0.44884488448844884,
        "support": 1233.0
    },
    "accuracy": 0.4818891056004458,
    "macro avg": {
        "precision": 0.46775686990784787,
        "recall": 0.3953127452564772,
        "f1-score": 0.3859753897088943,
        "support": 7178.0
    },
    "weighted avg": {
        "precision": 0.4683952767940889,
        "recall": 0.4818891056004458,
        "f1-score": 0.4582280286100321,
        "support": 7178.0
    }
}