{
    "accuracy": [
        0.17890886962413788,
        0.21021465957164764,
        0.2295902818441391,
        0.24630992114543915,
        0.2622893750667572,
        0.2804458439350128,
        0.3048286736011505,
        0.32516220211982727,
        0.3359602987766266,
        0.3516349494457245,
        0.3677014708518982,
        0.38729482889175415,
        0.3994426727294922,
        0.41224366426467896,
        0.4206905663013458,
        0.4257412850856781,
        0.43771499395370483,
        0.44437670707702637,
        0.44302695989608765,
        0.4454216957092285,
        0.44664081931114197,
        0.4478164315223694,
        0.45417338609695435,
        0.45835328102111816,
        0.45796141028404236,
        0.45835328102111816,
        0.46039971709251404,
        0.46096572279930115,
        0.46436190605163574,
        0.4629250764846802,
        0.463665246963501,
        0.46436190605163574,
        0.46662601828575134,
        0.4661906361579895,
        0.46858537197113037,
        0.46357816457748413,
        0.4692384600639343,
        0.47084948420524597,
        0.4698044955730438,
        0.46819350123405457,
        0.4667566418647766,
        0.4652327299118042,
        0.4706753194332123,
        0.47476813197135925,
        0.47098010778427124,
        0.47063177824020386
    ],
    "val_accuracy": [
        0.13915012776851654,
        0.14663879573345184,
        0.2880529463291168,
        0.30599093437194824,
        0.3375130593776703,
        0.34204110503196716,
        0.3220132291316986,
        0.3592824935913086,
        0.3594566285610199,
        0.37513062357902527,
        0.3669453263282776,
        0.3045977056026459,
        0.4106582999229431,
        0.39132705330848694,
        0.24207593500614166,
        0.3040752410888672,
        0.3519679605960846,
        0.4597701132297516,
        0.33577150106430054,
        0.400208979845047,
        0.38296762108802795,
        0.43173110485076904,
        0.4674329459667206,
        0.3448275923728943,
        0.2998954951763153,
        0.4479275643825531,
        0.44548937678337097,
        0.4510623514652252,
        0.47265762090682983,
        0.43190526962280273,
        0.4629049003124237,
        0.4780564308166504,
        0.44601184129714966,
        0.399860680103302,
        0.4632532298564911,
        0.48624172806739807,
        0.4705677330493927,
        0.44932079315185547,
        0.41657957434654236,
        0.4820620119571686,
        0.4851967990398407,
        0.4890282154083252,
        0.4771856367588043,
        0.4841518700122833,
        0.4857192635536194,
        0.4857192635536194
    ],
    "loss": [
        2.7667055130004883,
        2.3818182945251465,
        2.2456140518188477,
        2.1433193683624268,
        2.061063766479492,
        1.9871159791946411,
        1.906615972518921,
        1.839301347732544,
        1.7955572605133057,
        1.735489010810852,
        1.682478904724121,
        1.636311411857605,
        1.5957180261611938,
        1.5495924949645996,
        1.5286983251571655,
        1.5059319734573364,
        1.490032434463501,
        1.4775142669677734,
        1.4733943939208984,
        1.4599770307540894,
        1.4570695161819458,
        1.446171522140503,
        1.4388388395309448,
        1.4315941333770752,
        1.4253580570220947,
        1.4260920286178589,
        1.4226245880126953,
        1.4207510948181152,
        1.415364146232605,
        1.4213275909423828,
        1.4103970527648926,
        1.4146443605422974,
        1.4092549085617065,
        1.4063109159469604,
        1.4024393558502197,
        1.4105327129364014,
        1.4012616872787476,
        1.400799036026001,
        1.3997251987457275,
        1.3996354341506958,
        1.4019484519958496,
        1.4020761251449585,
        1.400269865989685,
        1.39370596408844,
        1.396521806716919,
        1.398403286933899
    ],
    "val_loss": [
        3.989469289779663,
        4.575533866882324,
        1.8309677839279175,
        1.848502516746521,
        1.723845362663269,
        1.6766514778137207,
        1.8385618925094604,
        1.6465529203414917,
        1.6619733572006226,
        1.6078978776931763,
        1.6194729804992676,
        1.9256919622421265,
        1.6396400928497314,
        1.7712385654449463,
        1.9794718027114868,
        2.0160624980926514,
        1.9592784643173218,
        1.4185585975646973,
        1.7079824209213257,
        1.5679939985275269,
        1.7239981889724731,
        1.5050183534622192,
        1.4067535400390625,
        2.097022533416748,
        1.8682464361190796,
        1.4917172193527222,
        1.4931390285491943,
        1.4556142091751099,
        1.3898407220840454,
        1.5398609638214111,
        1.416324257850647,
        1.3586779832839966,
        1.4574016332626343,
        1.6500489711761475,
        1.4087483882904053,
        1.3389567136764526,
        1.3914103507995605,
        1.47291898727417,
        1.6030707359313965,
        1.357020616531372,
        1.349843144416809,
        1.3437175750732422,
        1.3693205118179321,
        1.3510032892227173,
        1.347649097442627,
        1.3487741947174072
    ],
    "learning_rate": []
}