{
    "model_type": "CNN",
    "test_accuracy": 0.6043466329574585,
    "test_loss": 1.2415508031845093,
    "training_time_seconds": 6196.813714981079,
    "total_parameters": 618727,
    "trainable_parameters": 617063,
    "epochs_trained": 50,
    "batch_size": 8,
    "learning_rate": 0.0001,
    "per_class_accuracy": {
        "angry": 0.5260960334029228,
        "disgust": 0.1981981981981982,
        "fear": 0.251953125,
        "happy": 0.8483652762119503,
        "sad": 0.4081796311146752,
        "surprise": 0.7376654632972323,
        "neutral": 0.7518248175182481
    },
    "classification_report": {
        "angry": {
            "precision": 0.50199203187251,
            "recall": 0.5260960334029228,
            "f1-score": 0.5137614678899083,
            "support": 958.0
        },
        "disgust": {
            "precision": 0.5641025641025641,
            "recall": 0.1981981981981982,
            "f1-score": 0.29333333333333333,
            "support": 111.0
        },
        "fear": {
            "precision": 0.5276073619631901,
            "recall": 0.251953125,
            "f1-score": 0.34104428288169203,
            "support": 1024.0
        },
        "happy": {
            "precision": 0.8287444933920705,
            "recall": 0.8483652762119503,
            "f1-score": 0.8384401114206128,
            "support": 1774.0
        },
        "sad": {
            "precision": 0.5079840319361277,
            "recall": 0.4081796311146752,
            "f1-score": 0.45264562027567806,
            "support": 1247.0
        },
        "surprise": {
            "precision": 0.743030303030303,
            "recall": 0.7376654632972323,
            "f1-score": 0.7403381642512077,
            "support": 831.0
        },
        "neutral": {
            "precision": 0.46280579131303046,
            "recall": 0.7518248175182481,
            "f1-score": 0.572929542645241,
            "support": 1233.0
        },
        "accuracy": 0.604346614655893,
        "macro avg": {
            "precision": 0.590895225372828,
            "recall": 0.5317546492490325,
            "f1-score": 0.5360703603853819,
            "support": 7178.0
        },
        "weighted avg": {
            "precision": 0.6095765159387836,
            "recall": 0.604346614655893,
            "f1-score": 0.5917327693825103,
            "support": 7178.0
        }
    },
    "confusion_matrix": [
        [
            504,
            8,
            39,
            39,
            121,
            36,
            211
        ],
        [
            54,
            22,
            3,
            2,
            12,
            3,
            15
        ],
        [
            171,
            5,
            258,
            44,
            196,
            105,
            245
        ],
        [
            54,
            0,
            20,
            1505,
            27,
            32,
            136
        ],
        [
            128,
            2,
            69,
            95,
            509,
            21,
            423
        ],
        [
            32,
            0,
            77,
            55,
            8,
            613,
            46
        ],
        [
            61,
            2,
            23,
            76,
            129,
            15,
            927
        ]
    ],
    "dataset_info": {
        "train_samples": 22967,
        "val_samples": 5742,
        "test_samples": 7178
    }
}