{
    "model_type": "CNN",
    "test_accuracy": 0.607690155506134,
    "test_loss": 1.2254855632781982,
    "training_time_seconds": 2965.736463546753,
    "total_parameters": 618727,
    "trainable_parameters": 617063,
    "epochs_trained": 50,
    "batch_size": 8,
    "learning_rate": 0.0001,
    "per_class_accuracy": {
        "angry": 0.6106471816283925,
        "disgust": 0.2702702702702703,
        "fear": 0.2119140625,
        "happy": 0.8686583990980834,
        "sad": 0.4161988773055333,
        "surprise": 0.7496991576413959,
        "neutral": 0.6869424168694241
    },
    "classification_report": {
        "angry": {
            "precision": 0.49077181208053694,
            "recall": 0.6106471816283925,
            "f1-score": 0.5441860465116279,
            "support": 958.0
        },
        "disgust": {
            "precision": 0.5769230769230769,
            "recall": 0.2702702702702703,
            "f1-score": 0.36809815950920244,
            "support": 111.0
        },
        "fear": {
            "precision": 0.5344827586206896,
            "recall": 0.2119140625,
            "f1-score": 0.3034965034965035,
            "support": 1024.0
        },
        "happy": {
            "precision": 0.7854230377166157,
            "recall": 0.8686583990980834,
            "f1-score": 0.8249464668094219,
            "support": 1774.0
        },
        "sad": {
            "precision": 0.49903846153846154,
            "recall": 0.4161988773055333,
            "f1-score": 0.45386969829470925,
            "support": 1247.0
        },
        "surprise": {
            "precision": 0.7202312138728324,
            "recall": 0.7496991576413959,
            "f1-score": 0.7346698113207547,
            "support": 831.0
        },
        "neutral": {
            "precision": 0.5099337748344371,
            "recall": 0.6869424168694241,
            "f1-score": 0.585348997926745,
            "support": 1233.0
        },
        "accuracy": 0.6076901643911953,
        "macro avg": {
            "precision": 0.5881148765123785,
            "recall": 0.5449043379018713,
            "f1-score": 0.5449450976955664,
            "support": 7178.0
        },
        "weighted avg": {
            "precision": 0.602453345762904,
            "recall": 0.6076901643911953,
            "f1-score": 0.5899478993297186,
            "support": 7178.0
        }
    },
    "confusion_matrix": [
        [
            585,
            10,
            36,
            66,
            106,
            27,
            128
        ],
        [
            55,
            30,
            8,
            3,
            7,
            4,
            4
        ],
        [
            205,
            7,
            217,
            65,
            228,
            126,
            176
        ],
        [
            49,
            0,
            9,
            1541,
            25,
            40,
            110
        ],
        [
            175,
            2,
            50,
            127,
            519,
            29,
            345
        ],
        [
            29,
            1,
            63,
            53,
            11,
            623,
            51
        ],
        [
            94,
            2,
            23,
            107,
            144,
            16,
            847
        ]
    ],
    "dataset_info": {
        "train_samples": 22967,
        "val_samples": 5742,
        "test_samples": 7178
    }
}